{
    "RandomForest": {
        "RMSE": 9.188808852451478,
        "MAE": 8.104388712288994,
        "Accuracy%": 96.68628730591972
    },
    "XGBoost": {
        "RMSE": 9.201975454903076,
        "MAE": 8.111044024560663,
        "Accuracy%": 96.67678409451568
    },
    "LSTM": {
        "RMSE": 2.3768826722064946,
        "MAE": 1.531393628825592,
        "Accuracy%": 98.93863816706461
    }
}